Timestamp,Table,"Record ID",User,Action,Query
"2026-05-07 13:29:09",sc_user,Multiple/Where,Guest/System,UPDATE,"UPDATE sc_user SET user_id = ? WHERE id = ?"
"2026-05-07 13:29:09",sc_user,1,Guest/System,REGISTER,"INSERT INTO sc_user (loginer_name,user_mobile,username,password,created_date_time,admin) VALUES (?,?,?,?,?,?)"
"2026-05-07 13:34:04",sc_user,Multiple/Where,Guest/System,UPDATE,"UPDATE sc_user SET user_id = ? WHERE id = ?"
"2026-05-07 13:34:04",sc_user,1,Guest/System,REGISTER,"INSERT INTO sc_user (loginer_name,user_mobile,username,password,created_date_time,admin) VALUES (?,?,?,?,?,?)"
"2026-05-07 13:36:34",sc_user,Multiple/Where,Guest/System,UPDATE,"UPDATE sc_user SET user_id = ? WHERE id = ?"
"2026-05-07 13:36:34",sc_user,1,Guest/System,REGISTER,"INSERT INTO sc_user (loginer_name,user_mobile,username,password,created_date_time,updated_date_time,admin) VALUES (?,?,?,?,?,?,?)"
"2026-05-07 14:30:14",sc_user,Multiple/Where,Guest/System,UPDATE,"UPDATE sc_user SET user_id = ? WHERE id = ?"
"2026-05-07 14:30:14",sc_user,1,Guest/System,REGISTER,"INSERT INTO sc_user (loginer_name,user_mobile,username,password,created_date_time,updated_date_time,admin) VALUES (?,?,?,?,?,?,?)"
"2026-05-07 14:30:44",sc_login,1,Lakshmi,LOGIN,"INSERT INTO sc_login (login_date_time,user_id) VALUES (?,?)"
"2026-05-07 15:12:14",sc_user,Multiple/Where,Guest/System,UPDATE,"UPDATE sc_user SET user_id = ? WHERE id = ?"
"2026-05-07 15:12:14",sc_user,1,Guest/System,REGISTER,"INSERT INTO sc_user (loginer_name,user_mobile,username,password,created_date_time,updated_date_time,admin) VALUES (?,?,?,?,?,?,?)"
"2026-05-07 15:15:09",sc_user,Multiple/Where,Guest/System,UPDATE,"UPDATE sc_user SET user_id = ? WHERE id = ?"
"2026-05-07 15:15:09",sc_user,1,Guest/System,REGISTER,"INSERT INTO sc_user (loginer_name,user_mobile,username,password,created_date_time,updated_date_time,admin) VALUES (?,?,?,?,?,?,?)"
"2026-05-07 15:15:19",sc_login,1,Lakshmi,LOGIN,"INSERT INTO sc_login (login_date_time,user_id) VALUES (?,?)"
"2026-05-07 15:33:59",sc_company,1,Lakshmi,,"INSERT INTO sc_company (company_name,company_email,company_address,updated_date_time,created_date_time) VALUES (?,?,?,?,?)"
"2026-05-07 15:34:22",sc_company,Multiple/Where,Lakshmi,UPDATE,"UPDATE sc_company SET company_name = ?, company_email = ?, company_address = ?, updated_date_time = ? WHERE id = ?"
"2026-05-07 15:57:01",sc_consultant,Multiple/Where,Lakshmi,UPDATE,"UPDATE sc_consultant SET consultant_id = ? WHERE id = ?"
"2026-05-07 15:57:01",sc_consultant,0,Lakshmi,,"INSERT INTO sc_consultant (consultan_name,consultant_specification,consultant_fees,consultant_number,updated_date_time,created_date_time) VALUES (?,?,?,?,?,?)"
"2026-05-07 16:03:08",sc_consultant,Multiple/Where,Lakshmi,UPDATE,"UPDATE sc_consultant SET consultan_name = ?, consultant_specification = ?, consultant_fees = ?, consultant_number = ?, updated_date_time = ? WHERE consultant_id = ?"
"2026-05-07 16:03:49",sc_consultant,Multiple/Where,Lakshmi,UPDATE,"UPDATE sc_consultant SET consultant_id = ? WHERE id = ?"
"2026-05-07 16:03:49",sc_consultant,2,Lakshmi,,"INSERT INTO sc_consultant (consultan_name,consultant_specification,consultant_fees,consultant_number,updated_date_time,created_date_time) VALUES (?,?,?,?,?,?)"
"2026-05-07 16:03:59",sc_consultant,Multiple/Where,Lakshmi,UPDATE,"UPDATE sc_consultant SET consultan_name = ?, consultant_specification = ?, consultant_fees = ?, consultant_number = ?, updated_date_time = ? WHERE consultant_id = ?"
"2026-05-07 16:16:39",sc_appointment,Multiple/Where,Lakshmi,UPDATE,"UPDATE sc_appointment SET appointment_id = ? WHERE id = ?"
"2026-05-07 16:16:39",sc_appointment,0,Lakshmi,,"INSERT INTO sc_appointment (consultant_id,consultan_name,consultant_fees,appointment_date,patient_name,patient_number,status,created_date_time,updated_date_time) VALUES (?,?,?,?,?,?,?,?,?)"
"2026-05-07 16:17:02",sc_appointment,Multiple/Where,Lakshmi,UPDATE,"UPDATE sc_appointment SET appointment_id = ? WHERE id = ?"
"2026-05-07 16:17:02",sc_appointment,0,Lakshmi,,"INSERT INTO sc_appointment (consultant_id,consultan_name,consultant_fees,appointment_date,patient_name,patient_number,status,created_date_time,updated_date_time) VALUES (?,?,?,?,?,?,?,?,?)"
"2026-05-07 16:17:21",sc_appointment,Multiple/Where,Lakshmi,UPDATE,"UPDATE sc_appointment SET appointment_id = ? WHERE id = ?"
"2026-05-07 16:17:21",sc_appointment,0,Lakshmi,,"INSERT INTO sc_appointment (consultant_id,consultan_name,consultant_fees,appointment_date,patient_name,patient_number,status,created_date_time,updated_date_time) VALUES (?,?,?,?,?,?,?,?,?)"
"2026-05-07 16:17:36",sc_appointment,Multiple/Where,Lakshmi,UPDATE,"UPDATE sc_appointment SET appointment_id = ? WHERE id = ?"
"2026-05-07 16:17:36",sc_appointment,0,Lakshmi,,"INSERT INTO sc_appointment (consultant_id,consultan_name,consultant_fees,appointment_date,patient_name,patient_number,status,created_date_time,updated_date_time) VALUES (?,?,?,?,?,?,?,?,?)"
"2026-05-07 16:23:36",sc_appointment,Multiple/Where,Lakshmi,UPDATE,"UPDATE sc_appointment SET appointment_id = ? WHERE id = ?"
"2026-05-07 16:23:36",sc_appointment,0,Lakshmi,,"INSERT INTO sc_appointment (consultant_id,consultan_name,consultant_fees,appointment_date,patient_name,patient_number,status,created_date_time,updated_date_time) VALUES (?,?,?,?,?,?,?,?,?)"
"2026-05-07 16:28:30",sc_appointment,Multiple/Where,Lakshmi,UPDATE,"UPDATE sc_appointment SET appointment_id = ? WHERE id = ?"
"2026-05-07 16:28:30",sc_appointment,1,Lakshmi,,"INSERT INTO sc_appointment (consultant_id,consultan_name,consultant_fees,appointment_date,patient_name,patient_number,status,created_date_time,updated_date_time) VALUES (?,?,?,?,?,?,?,?,?)"
"2026-05-07 16:31:26",sc_appointment,Multiple/Where,Lakshmi,UPDATE,"UPDATE sc_appointment SET appointment_id = ? WHERE id = ?"
"2026-05-07 16:31:26",sc_appointment,2,Lakshmi,,"INSERT INTO sc_appointment (consultant_id,consultan_name,consultant_fees,appointment_date,patient_name,patient_number,status,created_date_time,updated_date_time) VALUES (?,?,?,?,?,?,?,?,?)"
"2026-05-07 16:41:59",sc_appointment,Multiple/Where,Lakshmi,UPDATE,"UPDATE sc_appointment SET appointment_id = ? WHERE id = ?"
"2026-05-07 16:41:59",sc_appointment,3,Lakshmi,,"INSERT INTO sc_appointment (consultant_id,consultan_name,consultant_fees,appointment_date,patient_name,patient_number,status,created_date_time,updated_date_time) VALUES (?,?,?,?,?,?,?,?,?)"
"2026-05-07 16:42:07",sc_appointment,Multiple/Where,Lakshmi,UPDATE,"UPDATE sc_appointment SET deleted = ?, updated_date_time = ? WHERE appointment_id = ?"
"2026-05-07 16:50:14",sc_appointment,Multiple/Where,Lakshmi,UPDATE,"UPDATE sc_appointment SET status = ?, updated_date_time = ? WHERE appointment_id = ?"
"2026-05-07 17:01:29",sc_consultant,Multiple/Where,Lakshmi,UPDATE,"UPDATE sc_consultant SET consultant_id = ? WHERE id = ?"
"2026-05-07 17:01:29",sc_consultant,3,Lakshmi,,"INSERT INTO sc_consultant (consultan_name,consultant_specification,consultant_fees,consultant_number,updated_date_time,created_date_time) VALUES (?,?,?,?,?,?)"
"2026-05-07 17:01:34",sc_consultant,Multiple/Where,Lakshmi,UPDATE,"UPDATE sc_consultant SET deleted = ?, updated_date_time = ? WHERE consultant_id = ?"
"2026-05-07 17:07:06",sc_login,2,Lakshmi,LOGIN,"INSERT INTO sc_login (login_date_time,user_id) VALUES (?,?)"
"2026-05-07 17:10:03",sc_login,3,Lakshmi,LOGIN,"INSERT INTO sc_login (login_date_time,user_id) VALUES (?,?)"
"2026-05-07 17:18:07",sc_company,Multiple/Where,Lakshmi,UPDATE,"UPDATE sc_company SET company_id = ? WHERE id = ?"
"2026-05-07 17:18:07",sc_company,1,Lakshmi,,"INSERT INTO sc_company (company_name,company_email,company_address,updated_date_time,created_date_time) VALUES (?,?,?,?,?)"
"2026-05-07 17:19:02",sc_company,Multiple/Where,Lakshmi,UPDATE,"UPDATE sc_company SET company_name = ?, company_email = ?, company_address = ?, updated_date_time = ? WHERE company_id = ?"
